<?xml version="1.0" encoding="utf-8"?>
<extension
	type="module"
	version="2.5.0"
	client="site"
	method="upgrade">
	<name>Ossolution Facebook Like Box</name>
	<author>Dang Thuc Dam</author>
	<authorEmail>damdt@joomservices.com</authorEmail>
	<authorUrl>www.joomdonation.com</authorUrl>
	<creationDate>Sep 23, 2013</creationDate>
	<copyright>Copyright (c) 2013 joomdonation.com</copyright>
	<license>GNU GPL</license>
	<version>2.00</version>
	<description>MOD_LIKEBOXGENIUS_DESC</description> 
    	<files>
		<filename module="mod_osfacebook">mod_osfacebook.php</filename>
		<filename>index.html</filename>
		<filename>style.css</filename>
		<folder>likeboxassets/</folder>
		<folder>likeboxelements/</folder>
		<folder>likeboxfields/</folder>
	</files>
	<languages folder="site">
	<language tag="en-GB">en-GB.mod_osfacebook.ini</language>
	</languages>

<media destination="colorpicker/js" folder="">
	<filename>color-picker.js</filename>
</media> 

<config>
	<fields name="params">
		<fieldset name="basic">

		<field type="spacer" name="spacer1" label="MOD_LIKEBOX_SETTINGS" />

	     <field name="moduleclass_sfx" type="text" default="" label="Module Class Suffix" description="A suffix to be applied to the css class of the module (table.moduletable), this allows individual module styling" />

		<field type="spacer" name="spacer1embed" label="MOD_LIKEBOX_EMBED" />

		<field name="fbjembed" type="list" label="Load Javascript" description="Include the Javascript (If no you must include it yourself)." default="everytime">
			<option value="once">Load Once</option>
			<option value="everytime">Load Every Time</option>
			<option value="never">Never Load</option>
		</field>

        	<field name="fboutput" type="radio" default="html5" label="Output" description="How button is rendered">
          		<option value="iframe">IFrame</option>
          		<option value="xfbml">XFBML</option>
			<option value="html5">HTML5</option>
        	</field>

		<field name="fbappid" type="text" label="App ID" description="Put your App ID here." default="" size="50" />

		<field name="fburl" type="text" label="Facebook Page URL" description="URL to your facebook page." default="https://www.facebook.com/pages/OS-Property/668221079857560" size="50" />

		<field type="spacer" name="spacer1layout" label="MOD_LIKEBOX_LAYOUT" />

    		<field name="fbcss" type="text" default="" label="CSS style" description="Insert a style for the button" size="75" />

	<field name="fbheight" type="text" default="300" label="Height" description="Choose the height in pixels." size="5" />

	<field name="fbwidth" type="text" default="270" label="Width" description="Choose the width in pixels." size="5" />

	<field name="fbbranding" type="radio" label="Show Branding" description="Show the Facebook Branding Below the Box" default="yes">
		<option value="yes">Yes</option>
		<option value="no">No</option>
	</field>

	<field name="fbheader" type="list" label="Show Header" description="Show the Header" default="yes">
		<option value="yes">Yes</option>
		<option value="no">No</option>
		<option value="custom">Custom</option>
		<option value="both">Custom and FB</option>
	</field>

	<field name="fbheadheight" type="text" default="" label="Custom Header Height" description="Choose the height in pixels." size="5" />

	<field name="fbheadcol" type="colorpicker" default="" label="Custom Header Background Color" description="Choose the header background Color in hex." size="10" />

	<field name="fblogoheight" type="text" default="" label="Custom Logo Height" description="Choose the height in pixels." size="5" />

	<field name="fblogowidth" type="text" default="" label="Custom Logo Width" description="Choose the width in pixels." size="5" />

	<field name="fblogoalign" type="radio" label="Logo Alignment" description="Choose how to align the logo." default="center">
		<option value="center">Center</option>
		<option value="left">Left</option>
		<option value="right">Right</option>
	</field>

	<field name="fblogourl" type="text" label="Custom Logo URL" description="This is the path to the logo image." default="" size="50" />

	<field name="bkdropborder" type="list" default="none" label="Border Style" description="Choose your border style.">
		<option value="none">None</option>
		<option value="dotted">Dotted</option>
		<option value="dashed">Dashed</option>
		<option value="solid">Solid</option>
		<option value="double">Double</option>
		<option value="groove">Groove</option>
		<option value="ridge">Ridge</option>
		<option value="inset">Inset</option>
		<option value="outset">Outset</option>
	</field>

	<field name="bkdropborwidth" type="list" default="2" label="Border Width" description="Choose your border width.">
		<option value="1">1</option>
		<option value="2">2</option>
		<option value="3">3</option>
		<option value="4">4</option>
		<option value="5">5</option>
		<option value="6">6</option>
		<option value="7">7</option>
		<option value="8">8</option>
		<option value="9">9</option>
	</field>

		<field name="fbbordercol" type="colorpicker" default="" label="Border Color" description="Choose the border Color in hex." size="10" />

		<field name="fbbackcol" type="colorpicker" default="" label="Background Color" description="Choose the background Color in hex. Leave blank for transparent." size="10" />


		<field name="fbtheme" type="radio" label="Color Theme" description="Light or Dark" default="dark">
			<option value="dark">Dark</option>
			<option value="light">Light</option>
		</field>

		<field name="fbfaces" type="radio" label="Show Faces" description="Standard Layout Only" default="yes">
			<option value="yes">Yes</option>
			<option value="no">No</option>
		</field>

		<field name="fbstream" type="radio" label="Show Stream" description="Show the Stream" default="no">
			<option value="yes">Yes</option>
			<option value="no">No</option>
		</field>


		<field name="fbforcewall" type="radio" label="Show Wall posts" description="for Places, specifies whether the stream contains posts from the Place's wall or just checkins from friends." default="no">
			<option value="yes">Yes</option>
			<option value="no">No</option>
		</field>

		<field name="fbfont" type="list" label="Font" description="Choose a Display Font" default="arial">
			<option value="arial">arial</option>
			<option value="lucinda grande">lucinda grande</option>
			<option value="segoe ui">segoe ui</option>
			<option value="tahoma">tahoma</option>
			<option value="trebuchet ms">trebuchet ms</option>
			<option value="verdana">verdana</option>
		</field>

		<field name="fblocale" type="list" default="en_US" label="Language" description="Language Selection">
			<option value="af_ZA">Afrikaans</option>
			<option value="sq_AL">Albanian</option>
			<option value="ar_AR">Arabic</option>
			<option value="hy_AM">Armenian</option>
			<option value="ay_BO">Aymara</option>
			<option value="az_AZ">Azeri</option>
			<option value="eu_ES">Basque</option>
			<option value="be_BY">Belarusian</option>
			<option value="bn_IN">Bengali</option>
			<option value="bs_BA">Bosnian</option>
			<option value="bg_BG">Bulgarian</option>
			<option value="ca_ES">Catalan</option>
			<option value="ck_US">Cherokee</option>
			<option value="hr_HR">Croatian</option>
			<option value="cs_CZ">Czech</option>
			<option value="da_DK">Danish</option>
			<option value="nl_NL">Dutch</option>
			<option value="nl_BE">Dutch (België)</option>
			<option value="en_PI">English (Pirate)</option>
			<option value="en_GB">English (UK)</option>
			<option value="en_US">English (US)</option>
			<option value="eo_EO">Esperanto</option>
			<option value="et_EE">Estonian</option>
			<option value="fo_FO">Faroese</option>
			<option value="tl_PH">Filipino</option>
			<option value="fi_FI">Finnish</option>
			<option value="fb_FI">Finnish (test)</option>
			<option value="fr_CA">French (Canada)</option>
			<option value="fr_FR">French (France)</option>
			<option value="gl_ES">Galician</option>
			<option value="ka_GE">Georgian</option>
			<option value="de_DE">German</option>
			<option value="el_GR">Greek</option>
			<option value="gn_PY">Guaraní</option>
			<option value="gu_IN">Gujarati</option>
			<option value="he_IL">Hebrew</option>
			<option value="hi_IN">Hindi</option>
			<option value="hu_HU">Hungarian</option>
			<option value="is_IS">Icelandic</option>
			<option value="id_ID">Indonesian</option>
			<option value="ga_IE">Irish</option>
			<option value="it_IT">Italian</option>
			<option value="ja_JP">Japanese</option>
			<option value="jv_ID">Javanese</option>
			<option value="kn_IN">Kannada</option>
			<option value="kk_KZ">Kazakh</option>
			<option value="km_KH">Khmer</option>
			<option value="tl_ST">Klingon</option>
			<option value="ko_KR">Korean</option>
			<option value="ku_TR">Kurdish</option>
			<option value="la_VA">Latin</option>
			<option value="lv_LV">Latvian</option>
			<option value="fb_LT">Leet Speak</option>
			<option value="li_NL">Limburgish</option>
			<option value="lt_LT">Lithuanian</option>
			<option value="mk_MK">Macedonian</option>
			<option value="mg_MG">Malagasy</option>
			<option value="ms_MY">Malay</option>
			<option value="ml_IN">Malayalam</option>
			<option value="mt_MT">Maltese</option>
			<option value="mr_IN">Marathi</option>
			<option value="mn_MN">Mongolian</option>
			<option value="ne_NP">Nepali</option>
			<option value="se_NO">Northern Sámi</option>
			<option value="nb_NO">Norwegian (bokmal)</option>
			<option value="nn_NO">Norwegian (nynorsk)</option>
			<option value="ps_AF">Pashto</option>
			<option value="fa_IR">Persian</option>
			<option value="pl_PL">Polish</option>
			<option value="pt_BR">Portuguese (Brazil)</option>
			<option value="pt_PT">Portuguese (Portugal)</option>
			<option value="pa_IN">Punjabi</option>
			<option value="qu_PE">Quechua</option>
			<option value="ro_RO">Romanian</option>
			<option value="rm_CH">Romansh</option>
			<option value="ru_RU">Russian</option>
			<option value="sa_IN">Sanskrit</option>
			<option value="sr_RS">Serbian</option>
			<option value="zh_CN">Simplified Chinese (China)</option>
			<option value="sk_SK">Slovak</option>
			<option value="sl_SI">Slovenian</option>
			<option value="so_SO">Somali</option>
			<option value="es_LA">Spanish</option>
			<option value="es_CL">Spanish (Chile)</option>
			<option value="es_CO">Spanish (Colombia)</option>
			<option value="es_MX">Spanish (Mexico)</option>
			<option value="es_ES">Spanish (Spain)</option>
			<option value="es_VE">Spanish (Venezuela)</option>
			<option value="sw_KE">Swahili</option>
			<option value="sv_SE">Swedish</option>
			<option value="sy_SY">Syriac</option>
			<option value="tg_TJ">Tajik</option>
			<option value="ta_IN">Tamil</option>
			<option value="tt_RU">Tatar</option>
			<option value="te_IN">Telugu</option>
			<option value="th_TH">Thai</option>
			<option value="zh_HK">Traditional Chinese (Hong Kong)</option>
			<option value="zh_TW">Traditional Chinese (Taiwan)</option>
			<option value="tr_TR">Turkish</option>
			<option value="uk_UA">Ukrainian</option>
			<option value="ur_PK">Urdu</option>
			<option value="uz_UZ">Uzbek</option>
			<option value="vi_VN">Vietnamese</option>
			<option value="cy_GB">Welsh</option>
			<option value="xh_ZA">Xhosa</option>
			<option value="yi_DE">Yiddish</option>
			<option value="zu_ZA">Zulu</option>
		</field>


			</fieldset>
		</fields>
	</config>
</extension>