<?xml version="1.0" encoding="utf-8"?>
<extension type="module" version="1.5.0" method="upgrade">
	<name>Osproperty Loan Cal</name>
	<author>Dang Thuc Dam</author>
	<creationDate>Dec 2013</creationDate>
	<copyright>(C) 2005-2013 Ossolution</copyright>
	<license>Commercial</license>
	<authorEmail>damdt@joomservices.com</authorEmail>
	<authorUrl>www.joomdonation.com</authorUrl>
	<version>2.5</version>
	<description>OS Property Loan Calculator module allows you to easily show a simple loan calculator on your site.</description>
	<files>
		<filename module="mod_ospropertyloancal">mod_ospropertyloancal.php</filename>
		<filename>index.html</filename>
		<filename>tmpl/default.php</filename>
		<filename>tmpl/index.html</filename>
	</files>
	<languages folder="languages">
		<language tag="en-GB">en-GB.mod_ospropertyloancal.ini</language>
		<language tag="de-DE">de-DE.mod_ospropertyloancal.ini</language>
		<language tag="el-GR">el-GR.mod_ospropertyloancal.ini</language>
		<language tag="es-ES">es-ES.mod_ospropertyloancal.ini</language>
		<language tag="fr-FR">fr-FR.mod_ospropertyloancal.ini</language>
		<language tag="it-IT">it-IT.mod_ospropertyloancal.ini</language>
		<language tag="nl-NL">nl-NL.mod_ospropertyloancal.ini</language>
		<language tag="pt-PT">pt-PT.mod_ospropertyloancal.ini</language>
		<language tag="ru-RU">ru-RU.mod_ospropertyloancal.ini</language>
    	</languages>

	<params>
		<param name="moduleclass_sfx" type="text" default="" label="Module Class Suffix" description="A suffix to be applied to the css class of the module (table.moduletable), this allows individual module styling" />
		<param name="@spacer" type="spacer" default="" label="" description="" />
	</params>
	<config>
		<fields name="params">
			<fieldset name="basic">
				<field name="moduleclass_sfx" type="text" default="" label="Module Class Suffix" description="A suffix to be applied to the css class of the module (table.moduletable), this allows individual module styling" />
				<field name="@spacer" type="spacer" default="" label="" description="" />
			</fieldset>
		</fields>
	</config>
</extension>