<?xml version="1.0" encoding="iso-8859-1"?>
<extension type="module" version="1.6.0" client="site" method="upgrade">
	<name>OS Content Slider</name>
	<creationDate>July 2013</creationDate>
	<author>www.joomdonation.com</author>
	<copyright>Copyright (C) 2013 Ossolution. All rights reserved.</copyright>
	<license>http://www.gnu.org/licenses/gpl-2.0.html GNU/GPL</license>
	<authorEmail>damdt@joomservices.com</authorEmail>
	<authorUrl>http://www.joomdonation.com</authorUrl>
	<version>1.0</version>
	 <description>
	<![CDATA[
	<style>
.os_description{
	text-align: left;
}
.os_description h3 {
	text-transform: uppercase;
	margin: 20px 0px 10px 0px;
}

.os_description img {
	float: left;
	margin: 5px 10px 5px 0px;
}

.os_description p,.os_description li {
	padding: 5px 5px 5px 30px;
	list-style: none outside none;
}

.os_description ul.list-style li {
	background: url(../modules/mod_os_contentslider/admin/images/tick.png)
		0px 6px no-repeat;
	padding-left: 30px;
	line-height: 15px;
}
</style>
<div class="bt_description">
	<h3>OS content slider Module Version 1.0</h3>
	<a href="http://joomdonation.com" target="_blank"><img
		src="../modules/mod_os_contentslider/admin/images/os-slider.png">
	</a>
	<p>Helps to slide your articles from Joomla! categories with cool
		effects, rich backend configs covering layout, animation control, auto
		thumbnail creating, images resizing, numbering articles, sorting
		ect...</p>
	<br clear="both" />
	<h3>Features</h3>
	<ul class="list-style">
		<li>Compatibility with Joomla 2.5 and Joomla 3.0</li>
		<li>Properties control display from any categories, property types, featured properties, state ID's, city ID's</li>
		<li>Content control display from any category or article
			ID's</li>
		<li>Scalable size of the module</li>
		<li>Horizontal and vertical news presentation (columns and rows
			configuration).</li>
		<li>Support for responsive template</li>
		<li>Show text, image, author, date, section/category name and
			button "read more" option, with order customization.</li>
		<li>Image Cropping</li>
		<li>On/Off front page articles display in modules</li>
		<li>Easy and friendly back-end administration.</li>
		<li>Used Javascript Framework: Jquery latest version</li>
		<li>Fully compatible: Firefox, IE7+, Opera 9.5, Safari, Netscape,
			Google Chrome, Camino, Flock 0.7+.</li>
	</ul>
	<h3>About Ossolutoion & copyright</h3>
	Copyright (C) 2012 Ossolution
</div>]]></description>
	<files>
		<filename module="mod_os_contentslider">mod_os_contentslider.php</filename>
		<filename module="mod_os_contentslider">index.html</filename>
		<folder module="mod_os_contentslider">images</folder>
		<folder module="mod_os_contentslider">classes</folder>
		<folder module="mod_os_contentslider">elements</folder>
		<folder module="mod_os_contentslider">tmpl</folder>
		<folder module="mod_os_contentslider">admin</folder>
		<folder module="mod_os_contentslider">helpers</folder>
	</files>
	<languages>
		<language tag="en-GB">language/en-GB.mod_os_contentslider.ini</language>
	</languages>
	<config>
		<fields name="params">
			<fieldset name="Basic" label="GLOBALSETTING">
				<field name="moduleclass_sfx" type="text" default=""
					label="MODULE_CLASS_SUFFIX" description="MODULE_CLASS_SUFFIX_DESC" />
				<field name="content_title" type="text" default=""
					label="CONTENT_TITLE" description="CONTENT_TITLE_DESC" />
				<field name="content_link" type="text" default=""
					label="CONTENT_LINK" description="CONTENT_LINK_DESC" />
				<field type="spacer" name="NAVIGATION_SETTING" label="NAVIGATION_SETTING" />
				<field name="butlet" type="list" default="1" 
					label="NAVIGATION_BAR" description="NAVIGATION_BAR_DESC">
					<option value="0">JNONE</option>
					<option value="1">BULLET</option>
					<option value="2">NUMBERING</option>
				</field>
				<field name="navigation_top" type="text" default="0"
					label="NAVIGATION_TOP" description="NAVIGATION_TOP_DESC" />
				<field name="navigation_right" type="text" default="0"
					label="NAVIGATION_RIGHT" description="NAVIGATION_RIGHT_DESC" />
				<field name="next_back" class="btn-group" type="radio" default="0"
					label="NEXT_BACK" description="NEXT_BACK_DESC">
					<option value="1">JYES</option>
					<option value="0">JNO</option>
				</field>	
				<field type="spacer" name="GIRD_SETTING" label="GIRD_SETTING" />
				<field name="module_width" type="text" default="auto" label="MODULE_WIDTH"
					description="MODULE_WIDTH_DESC" />
				<field name="module_height" type="text" default="auto" label="MODULE_HEIGHT" class="auto_height_no"
					description="MODULE_HEIGHT_DESC" />
				<field name="auto_height" type="radio" default="1" class="btn-group bt_control"
					label="AUTO_ADJUST_HEIGHT" description="AUTO_ADJUST_HEIGHT_DESC">
					<option value="0">JNO</option>
					<option value="1">JYES</option>
				</field>
				
				<field name="items_per_cols" type="text" default="1"
					label="ITEMS_PER_COLS" description="ITEMS_PER_COLS_DESC" />
				<field name="items_per_rows" type="text" default="3"
					label="ITEMS_PER_ROWS" description="ITEMS_PER_ROWS_DESC" />
			</fieldset>
			<fieldset name="source_setting" label="SOURCE_SETTING"
				addfieldpath="/modules/mod_os_contentslider/elements">
				<field name="source" type="list" default="osproperty" label="SOURCE_FROM" class="bt_control"
					description="SOURCE_FROM_DESC">
					<option value="osproperty">PROPERTIES</option>
				</field>
				
				<field name="osp_category" type="ospmulticategories" class="source_osproperty"
					default="" size="10" multiple="multiple" label="OSP_CATEGORIES"
					description="OSPCATEGORIES_DESC" />
				<field name="osp_type" type="ospmultipropertytypes" class="source_osproperty"
					default="" size="10" multiple="multiple" label="OSP_PROPERTY_TYPES"
					description="OSPPROPERTYTYPES_DESC" />
				<field name="state_ids" type="text" default="" label="STATE_PROVINCE_IDS" class="source_osproperty"
					description="STATE_PROVINCE_IDS_DESC" />
				<field name="city_ids" type="text" default="" label="CITY_IDS" class="source_osproperty"
					description="CITY_IDS_DESC" />
				<field name="featured_property" class="source_osproperty btn-group" type="radio" default="0" label="FEATURED_PROPERTIES"
					description="FEATURED_PROPERTIES_DESC">
					<option value="1">JYES</option>
					<option value="0">JNO</option>	
				</field>
				<field name="property_ids" type="text" default="" label="PROPERTY_IDS" class="source_osproperty"
					description="PROPERTY_IDS_DESC" />

				<field name="limit_items" type="text" default="12" label="LIMIT_ITEMS"
					description="LIMIT_ITEMS_DESC" />
				<field name="ordering" type="list" default="created-asc"
					label="ARTCILES_SORTED_BY" description="ARTCILES_SORTED_BY_DESC">
					<option value="id-asc">ID_ASCENDING</option>
					<option value="id-desc">ID_DESCENDING</option>
					<option value="ordering-asc">ORDERING_ASCENDING</option>
					<option value="ordering-desc">ORDERING_DESCENDING</option>
					<option value="hits-asc">HIT_ASCENDING</option>
					<option value="hits-desc">HIT_DESCENDING</option>
					<option value="created-asc">DATE_ASCENDING</option>
					<option value="created-desc">DATE_DESCENDING</option>
					<option value="publish_up-asc">PUBLISHED_DATE_ASCENDING</option>
					<option value="publish_up-desc">PUBLISHED_DATE_DESCENDING</option>
					<option value="featured-">FEATURED_ORDERING</option>
					<option value="rand-">RANDOM</option>
				</field>
				<field type="spacer" name="images_links_option" label="IMAGES_LINKS_OPTION" description="IMAGES_LINKS_OPTION_DESC" />
				<field name="use_introimg" type="radio" default="1" class="btn-group"
					label="USE_INTROIMG" description="USE_INTROIMG_DESC">
					<option value="0">JNO</option>
					<option value="1">JYES</option>
				</field>
				<field name="use_caption" type="radio" default="0" class="btn-group"
					label="USE_CAPTION" description="USE_CAPTION_DESC">
					<option value="0">JNO</option>
					<option value="1">JYES</option>
				</field>
				<field name="use_linka" type="radio" default="0" class="btn-group"
					label="USE_LINKA" description="USE_LINKA_DESC">
					<option value="0">JNO</option>
					<option value="1">JYES</option>
				</field>
			</fieldset>
			<fieldset name="itemlayoutsetting" label="ITEM_LAYOUT_SETTING">
				<field type="spacer" name="title_option" label="TITLE_OPTION" />
				<field name="show_title" type="radio" default="1" class="btn-group"
					label="SHOW_TITLE" description="SHOW_TITLE_DESC">
					<option value="0">JNO</option>
					<option value="1">JYES</option>
				</field>
				<field name="limit_title_by" type="list" default="word"
					label="LIMIT_TITLE_BY" description="LIMIT_TITLE_BY_DESC">
					<option value="word">WORD</option>
					<option value="char">CHARACTER</option>
				</field>
				<field name="title_max_chars" type="text" default="8"
					label="TITLE_MAX_CHARS" description="TITLE_MAX_CHARS_DESC" />
				
				<field type="spacer" name="osproperty_option" label="PROPERTY_INFORMATION_OPTION" />

				<field name="show_price" type="radio" default="1" class="btn-group"
					label="SHOW_PRICE" description="SHOW_PRICE_DESC">
					<option value="0">JNO</option>
					<option value="1">JYES</option>
				</field>
				<field name="show_category" type="radio" default="1" class="btn-group"
					label="SHOW_CATEGORY" description="SHOW_CATEGORY_DESC">
					<option value="0">JNO</option>
					<option value="1">JYES</option>
				</field>
				<field name="show_type" type="radio" default="1" class="btn-group"
					label="SHOW_PROPERTY_TYPE" description="SHOW_PROPERTY_TYPE_DESC">
					<option value="0">JNO</option>
					<option value="1">JYES</option>
				</field>
				<field name="show_address" type="radio" default="1" class="btn-group"
					label="SHOW_ADDRESS" description="SHOW_ADDRESS_DESC">
					<option value="0">JNO</option>
					<option value="1">JYES</option>
				</field>

				<field type="spacer" name="intro_text_option" label="INTRO_TEXT_OPTION" />
				<field name="show_intro" type="radio" default="1" class="btn-group"
					label="SHOW_INTRO" description="SHOW_INTRO_DESC">
					<option value="0">JNO</option>
					<option value="1">JYES</option>
				</field>
				<field name="limit_description_by" type="list" default="char"
					label="LIMIT_DESCRIPTION_BY" description="LIMIT_DESCRIPTION_BY_DESC">
					<option value="word">WORD</option>
					<option value="char">CHARACTER</option>
				</field>
				<field name="description_max_chars" type="text" default="100"
					label="DESCRIPTION_MAX_CHARS" description="DESCRIPTION_MAX_CHARS_DESC" />
				<field name="show_category_name" type="radio" default="1"
					class="btn-group" label="SHOW_CATEGORY_NAME" description="SHOW_CATEGORY_NAME_DESC">
					<option value="0">JNO</option>
					<option value="1">JYES</option>
				</field>
				<field name="show_category_name_as_link" type="radio" default="1"
					class="btn-group" label="SHOW_CATEGORY_NAME_AS_LINK" description="SHOW_CATEGORY_NAME_AS_LINK_DESC">
					<option value="0">JNO</option>
					<option value="1">JYES</option>
				</field>
				<field name="show_readmore" type="radio" default="1" class="btn-group"
					label="SHOW_READ_MORE" description="SHOW_READ_MORE_DESC">
					<option value="0">JNO</option>
					<option value="1">JYES</option>
				</field>
				<field name="show_date" type="radio" default="0" class="btn-group"
					label="SHOW_DATE" description="SHOW_DATE_DESC">
					<option value="0">JNO</option>
					<option value="1">JYES</option>
				</field>
				<field name="show_author" type="radio" default="0" class="btn-group"
					label="SHOW_AUTHOR" description="SHOW_AUTHOR_DESC">
					<option value="0">JNO</option>
					<option value="1">JYES</option>
				</field>
				<field type="spacer" name="image_option" label="IMAGE_OPTION" />
				<field name="show_image" type="radio" default="1" class="btn-group"
					label="SHOW_IMAGE" description="SHOW_IMAGE_DESC">
					<option value="0">JNO</option>
					<option value="1">JYES</option>
				</field>
				<field name="checkimg_fulltext" type="radio" default="0" class="btn-group"
					label="CHECKIMG_FULLTEXT" description="CHECKIMG_FULLTEXT_DESC">
					<option value="0">JNO</option>
					<option value="1">JYES</option>
				</field>
				<field name="check_image_exist" type="radio" default="0" class="btn-group"
					label="CHECK_IMAGE_EXIST" description="CHECK_IMAGE_EXIST_DESC">
					<option value="0">JNO</option>
					<option value="1">JYES</option>
				</field>
				<field name="image_align" class="bt_control" type="list" default="center" label="IMAGE_ALIGN"
					description="IMAGE_ALIGN_DESC">
					<option value="left">OPTION_LEFT</option>
					<option value="right">OPTION_RIGHT</option>
					<option value="center">OPTION_CENTER</option>
				</field>
				<field name="equalHeight" class="btn-group image_align_center" type="radio" default="1" 
					label="EQUAL_HEIGHT" description="EQUAL_HEIGHT_DESC">
					<option value="0">JNO</option>
					<option value="1">JYES</option>
				</field>
				<field name="image_thumb" type="radio" default="1" class="btn-group"
					label="IMAGE_THUMB" description="IMAGE_THUMB_DESC">
					<option value="0">JNO</option>
					<option value="1">JYES</option>
				</field>
				<field name="thumbnail_width" type="text" default="180"
					label="THUMBNAIL_WIDTH" description="THUMBNAIL_WIDTH_DESC" />
				<field name="thumbnail_height" type="text" default="120"
					label="THUMBNAIL_HEIGHT" description="THUMBNAIL_HEIGHT_DESC" />
					<field name="default_thumb" type="radio" default="1" class="btn-group"
					label="DEFAULT_THUMB" description="DEFAULT_THUMB_DESC">
					<option value="0">JNO</option>
					<option value="1">JYES</option>
				</field>
					
			</fieldset>
			<fieldset name="effectsetting" label="EFFECT_SETTING">
				<field name="touch_screen" type="radio" default="0" class="btn-group"
					label="TOUCH_SCREEN_LABEL" description="TOUCH_SCREEN_DESC">
					<option value="0">JNO</option>
					<option value="1">JYES</option>
				</field>
				<field name="hovereffect" type="radio" default="1" class="btn-group"
					label="IMAGE_THUMB_EFFECT" description="IMAGE_THUMB_EFFECT_DESC">
					<option value="0">JNO</option>
					<option value="1">JYES</option>
				</field>
				<field name="modalbox" type="radio" default="0" class="btn-group"
					label="MODALBOX_EFFECT" description="MODALBOX_EFFECT_DESC">
					<option value="0">JNO</option>
					<option value="1">JYES</option>
				</field>
				<field name="next_back_effect" type="list" default="slide"
					label="NEXT_BACK_EFFECT_LABEL" description="NEXT_BACK_EFFECT_DESC">
					<option value="slide">OPTION_SLIDE</option>
					<option value="fade">OPTION_FADE</option>
				</field>
				<field name="bullet_effect" type="list" default="slide"
					label="BULLET_EFFECT_LABEL" description="BULLET_EFFECT_DESC">
					<option value="slide">OPTION_SLIDE</option>
					<option value="fade">OPTION_FADE</option>
				</field>
				<field name="pause_hover" class="btn-group" type="radio"
					default="1" label="PAUSE_HOVER_LABEL" description="PAUSE_HOVER_DESC">
					<option value="0">JNO</option>
					<option value="1">JYES</option>
				</field>
				<field name="interval" type="text" default="5000" label="INTERVAL"
					description="INTERVAL_DESC" />
				<field name="duration" type="text" default="500"
					label="ANIMATION_DURATION" description="ANIMATION_DURATION_DESC" />
				<field name="effect" type="list" default="easeInQuad"
					label="PAGE_ANIMATION_TRANSITION" description="PAGE_ANIMATION_TRANSITION_DESC">
					<option value="jswing">jswing</option>
					<option value="easeInQuad">easeInQuad</option>
					<option value="easeOutQuad">easeOutQuad</option>
					<option value="easeInOutQuad">easeInOutQuad</option>
					<option value="easeInCubic">easeInCubic</option>
					<option value="easeOutCubic">easeOutCubic</option>
					<option value="easeInOutCubic">easeInOutCubic</option>
					<option value="easeInQuart">easeInQuart</option>
					<option value="easeOutQuart">easeOutQuart</option>
					<option value="easeInOutQuart">easeInOutQuart</option>
					<option value="easeInQuint">easeInQuint</option>
					<option value="easeOutQuint">easeOutQuint</option>
					<option value="easeInOutQuint">easeInOutQuint</option>
					<option value="easeInSine">easeInSine</option>
					<option value="easeOutSine">easeOutSine</option>
					<option value="easeInOutSine">easeInOutSine</option>
					<option value="easeInExpo">easeInExpo</option>
					<option value="easeOutExpo">easeOutExpo</option>
					<option value="easeInOutExpo">easeInOutExpo</option>
					<option value="easeInCirc">easeInCirc</option>
					<option value="easeOutCirc">easeOutCirc</option>
					<option value="easeInOutCirc">easeInOutCirc</option>
					<option value="easeInElastic">easeInElastic</option>
					<option value="easeOutElastic">easeOutElastic</option>
					<option value="easeInOutElastic">easeInOutElastic</option>
					<option value="easeInBack">easeInBack</option>
					<option value="easeOutBack">easeOutBack</option>
					<option value="easeInOutBack">easeInOutBack</option>
					<option value="easeInBounce">easeInBounce</option>
					<option value="easeOutBounce">easeOutBounce</option>
					<option value="easeInOutBounce">easeInOutBounce</option>
				</field>
				<field name="auto_start" type="radio" class="btn-group"
					default="1" label="AUTO_START" description="AUTO_START_DESC">
					<option value="0">JNO</option>
					<option value="1">JYES</option>
				</field>
			</fieldset>
			<fieldset name="advanced">
				<field class="btn-group" name="auto_strip_tags" type="radio"
					default="1" label="STRIP_TAGS" description="STRIP_TAGS_DESC">
					<option value="0">JNO</option>
					<option value="1">JYES</option>
				</field>
				<field name="allow_tags" type="list" default="" multiple="multiple"
					label="ALLOW_TAGS" description="ALLOW_TAGS_DESC">
					<option value="a">OPTION_LINK</option>
					<option value="img">OPTION_IMAGE</option>
					<option value="b">OPTION_BOLD</option>
					<option value="i">OPTION_ITALIC</option>
					<option value="font">OPTION_FONT</option>
					<option value="br">OPTION_NEWLINE</option>				
				</field>
				<field name="open_target" type="list" default="_parent"
					label="CLICK_LINK_OPEN_IN" description="CLICK_LINK_OPEN_IN_DESC">
					<option value="_blank">OPTION_NEW_WINDOW</option>
					<option value="_parent">OPTION_PARENT_WINDOW</option>	
				</field>
				<field name="loadJquery" type="list" default="auto" label="OS_LOADJQUERY"
					description="OS_LOADJQUERY_DESC">
					<option value="auto">Auto</option>
					<option value="1">JYES</option>
					<option value="0">JNO</option>
				</field>
				<field name="cache" type="list" default="1"
					label="COM_MODULES_FIELD_CACHING_LABEL" description="COM_MODULES_FIELD_CACHING_DESC">
					<option value="1">JGLOBAL_USE_GLOBAL</option>
					<option value="0">COM_MODULES_FIELD_VALUE_NOCACHING</option>
				</field>
				<field name="cache_time" type="text" default="900"
					label="COM_MODULES_FIELD_CACHE_TIME_LABEL" description="COM_MODULES_FIELD_CACHE_TIME_DESC" />
				<field addfieldpath="/modules/mod_os_contentslider/admin/formfield" type="asset" name="asset" path="modules/mod_os_contentslider/admin/" />
			</fieldset>
		</fields>
	</config>
</extension>
